Country Code;2017 rate $;Income Group
AW;1,79;Revenu élevé
#N/A;;Agrégats
AF;68,02690408;Faible revenu
#N/A;;Agrégats
AO;165,9159507;Revenu intermédiaire, tranche inférieure
AL;119,1;Revenu intermédiaire, tranche supérieure
AD;;Revenu élevé
#N/A;;Agrégats
AE;3,6725;Revenu élevé
AR;16,56270693;Revenu intermédiaire, tranche supérieure
AM;482,7163938;Revenu intermédiaire, tranche supérieure
AS;1;Revenu élevé
AG;2,7;Revenu élevé
AU;1,304758077;Revenu élevé
AT;0,885205508;Revenu élevé
AZ;1,721154802;Revenu intermédiaire, tranche supérieure
BI;1729,055;Faible revenu
BE;0,885205508;Revenu élevé
BJ;580,6567496;Revenu intermédiaire, tranche inférieure
BF;580,6567496;Faible revenu
BD;80,43754167;Revenu intermédiaire, tranche inférieure
BG;1,735458333;Revenu élevé
BH;0,376;Revenu élevé
BS;1;Revenu élevé
BA;1,735352713;Revenu intermédiaire, tranche supérieure
BY;1,932341667;Revenu intermédiaire, tranche supérieure
BZ;2;Revenu intermédiaire, tranche supérieure
BM;1;Revenu élevé
BO;6,91;Revenu intermédiaire, tranche inférieure
BR;3,191389446;Revenu intermédiaire, tranche supérieure
BB;2;Revenu élevé
BN;1,380891164;Revenu élevé
BT;65,12156865;Revenu intermédiaire, tranche inférieure
BW;10,34741667;Revenu intermédiaire, tranche supérieure
CF;580,6567496;Faible revenu
CA;1,297935846;Revenu élevé
#N/A;;Agrégats
CH;0,984691667;Revenu élevé
#N/A;0,776976682;Revenu élevé
CL;648,8337926;Revenu élevé
CN;6,758755086;Revenu intermédiaire, tranche supérieure
CI;580,6567496;Revenu intermédiaire, tranche inférieure
CM;580,6567496;Revenu intermédiaire, tranche inférieure
CD;1464,417932;Faible revenu
CG;580,6567496;Revenu intermédiaire, tranche inférieure
CO;2951,486911;Revenu intermédiaire, tranche supérieure
KM;435,4925622;Revenu intermédiaire, tranche inférieure
CV;97,80693777;Revenu intermédiaire, tranche supérieure
CR;567,5130903;Revenu élevé
#N/A;;Agrégats
CU;;Revenu intermédiaire, tranche supérieure
#N/A;1,79;Revenu élevé
KY;0,83333;Revenu élevé
CY;0,885205508;Revenu élevé
CZ;23,37633333;Revenu élevé
DE;0,885205508;Revenu élevé
DJ;177,721;Revenu intermédiaire, tranche inférieure
DM;2,7;Revenu intermédiaire, tranche supérieure
DK;6,602893466;Revenu élevé
DO;47,5343582;Revenu intermédiaire, tranche supérieure
DZ;110,9730167;Revenu intermédiaire, tranche supérieure
#N/A;;Agrégats
#N/A;;Agrégats
#N/A;;Agrégats
#N/A;;Agrégats
#N/A;;Agrégats
EC;1;Revenu intermédiaire, tranche supérieure
EG;17,78253352;Revenu intermédiaire, tranche inférieure
#N/A;0,885205508;Agrégats
ER;15,075;Faible revenu
ES;0,885205508;Revenu élevé
EE;0,885205508;Revenu élevé
ET;23,86610446;Faible revenu
#N/A;;Agrégats
FI;0,885205508;Revenu élevé
FJ;2,066875304;Revenu intermédiaire, tranche supérieure
FR;0,885205508;Revenu élevé
FO;6,602893466;Revenu élevé
#N/A;1;Revenu intermédiaire, tranche supérieure
GA;580,6567496;Revenu intermédiaire, tranche supérieure
GB;0,776976682;Revenu élevé
GE;2,509541667;Revenu intermédiaire, tranche supérieure
GH;4,350533333;Revenu intermédiaire, tranche inférieure
GI;0,776976682;Revenu élevé
GN;9088,319496;Revenu intermédiaire, tranche inférieure
GM;46,60890946;Faible revenu
GW;580,6567496;Faible revenu
GQ;580,6567496;Revenu intermédiaire, tranche supérieure
GR;0,885205508;Revenu élevé
GD;2,7;Revenu intermédiaire, tranche supérieure
GL;6,602893466;Revenu élevé
GT;7,34793875;Revenu intermédiaire, tranche supérieure
GU;1;Revenu élevé
GY;206,5;Revenu élevé
#N/A;;Agrégats
HK;7,79325;Revenu élevé
HN;23,48708394;Revenu intermédiaire, tranche inférieure
#N/A;;Agrégats
HR;6,623831;Revenu élevé
HT;64,76968028;Revenu intermédiaire, tranche inférieure
HU;274,4333333;Revenu élevé
#N/A;;Agrégats
#N/A;;Agrégats
#N/A;;Agrégats
#N/A;;Agrégats
ID;13380,83388;Revenu intermédiaire, tranche supérieure
#N/A;;Agrégats
IM;0,776976682;Revenu élevé
IN;65,12156865;Revenu intermédiaire, tranche inférieure
#N/A;;Agrégats
IE;0,885205508;Revenu élevé
IR;33226,29815;Revenu intermédiaire, tranche supérieure
IQ;1184;Revenu intermédiaire, tranche supérieure
IS;106,839572;Revenu élevé
IL;3,599555548;Revenu élevé
IT;0,885205508;Revenu élevé
JM;127,9645442;Revenu intermédiaire, tranche supérieure
JO;0,71;Revenu intermédiaire, tranche supérieure
JP;112,1661411;Revenu élevé
KZ;326,0010227;Revenu intermédiaire, tranche supérieure
KE;103,4100045;Revenu intermédiaire, tranche inférieure
KG;68,86666786;Revenu intermédiaire, tranche inférieure
KH;4050,579986;Revenu intermédiaire, tranche inférieure
KI;1,304758077;Revenu intermédiaire, tranche inférieure
KN;2,7;Revenu élevé
KR;1131,000833;Revenu élevé
KW;0,303349758;Revenu élevé
#N/A;;Agrégats
LA;8244,843189;Revenu intermédiaire, tranche inférieure
LB;1507,5;Revenu intermédiaire, tranche inférieure
LR;112,7066667;Faible revenu
LY;1,393820011;Revenu intermédiaire, tranche supérieure
LC;2,7;Revenu intermédiaire, tranche supérieure
#N/A;;Agrégats
#N/A;;Agrégats
#N/A;;Agrégats
LI;0,984691667;Revenu élevé
LK;152,4464139;Revenu intermédiaire, tranche supérieure
#N/A;;Agrégats
#N/A;;Agrégats
LS;13,32380142;Revenu intermédiaire, tranche inférieure
#N/A;;Agrégats
LT;0,885205508;Revenu élevé
LU;0,885205508;Revenu élevé
LV;0,885205508;Revenu élevé
MO;8,026001;Revenu élevé
#N/A;0,885205508;Revenu élevé
MA;9,691997889;Revenu intermédiaire, tranche inférieure
MC;0,885205508;Revenu élevé
MD;18,49903489;Revenu intermédiaire, tranche supérieure
MG;3116,11;Faible revenu
MV;15,38696851;Revenu intermédiaire, tranche supérieure
#N/A;;Agrégats
MX;18,92651667;Revenu intermédiaire, tranche supérieure
MH;1;Revenu intermédiaire, tranche supérieure
#N/A;;Agrégats
MK;54,66545833;Revenu intermédiaire, tranche supérieure
ML;580,6567496;Faible revenu
MT;0,885205508;Revenu élevé
MM;1360,358707;Revenu intermédiaire, tranche inférieure
#N/A;;Agrégats
ME;0,885205508;Revenu intermédiaire, tranche supérieure
MN;2439,777201;Revenu intermédiaire, tranche supérieure
MP;1;Revenu élevé
MZ;63,58432291;Faible revenu
MR;35,79441667;Revenu intermédiaire, tranche inférieure
MU;34,48140833;Revenu intermédiaire, tranche supérieure
MW;730,2725;Faible revenu
MY;4,300440878;Revenu intermédiaire, tranche supérieure
#N/A;;Agrégats
NA;13,3129;Revenu intermédiaire, tranche inférieure
NC;105,6330782;Revenu élevé
NE;580,6567496;Faible revenu
NG;305,7901092;Revenu intermédiaire, tranche inférieure
NI;30,05094134;Revenu intermédiaire, tranche inférieure
NL;0,885205508;Revenu élevé
NO;8,271666667;Revenu élevé
NP;104,5118852;Revenu intermédiaire, tranche inférieure
NR;1,304758077;Revenu élevé
NZ;1,407408333;Revenu élevé
#N/A;;Agrégats
OM;0,3845;Revenu élevé
#N/A;;Agrégats
PK;105,4551621;Revenu intermédiaire, tranche inférieure
PA;1;Revenu élevé
PE;3,260488491;Revenu intermédiaire, tranche supérieure
PH;50,40371979;Revenu intermédiaire, tranche supérieure
PW;1;Revenu élevé
PG;3,188788383;Revenu intermédiaire, tranche inférieure
PL;3,779333333;Revenu élevé
#N/A;;Agrégats
PR;1;Revenu élevé
KP;;Faible revenu
PT;0,885205508;Revenu élevé
PY;5618,933452;Revenu intermédiaire, tranche supérieure
PS;;Revenu intermédiaire, tranche inférieure
#N/A;;Agrégats
#N/A;;Agrégats
PF;105,6330782;Revenu élevé
QA;3,64;Revenu élevé
RO;4,052491667;Revenu élevé
RU;58,34280119;Revenu élevé
RW;831,5543398;Faible revenu
#N/A;;Agrégats
SA;3,75;Revenu élevé
SD;6,68336;Faible revenu
SN;580,6567496;Revenu intermédiaire, tranche inférieure
SG;1,380925;Revenu élevé
SB;7,887390369;Revenu intermédiaire, tranche inférieure
SL;7,384432222;Faible revenu
SV;1;Revenu intermédiaire, tranche supérieure
SM;0,885205508;Revenu élevé
SO;23097,98732;Faible revenu
RS;107,75885;Revenu intermédiaire, tranche supérieure
#N/A;;Agrégats
SS;113,6475;Faible revenu
#N/A;;Agrégats
#N/A;;Agrégats
ST;21,74113836;Revenu intermédiaire, tranche inférieure
SR;7,487661125;Revenu intermédiaire, tranche supérieure
SK;0,885205508;Revenu élevé
SI;0,885205508;Revenu élevé
SE;8,548860833;Revenu élevé
SZ;13,32380142;Revenu intermédiaire, tranche inférieure
#N/A;1,79;Revenu élevé
SC;13,64784167;Revenu élevé
SY;492,6108333;Faible revenu
TC;1;Revenu élevé
TD;580,6567496;Faible revenu
#N/A;;Agrégats
#N/A;;Agrégats
TG;580,6567496;Revenu intermédiaire, tranche inférieure
TH;33,93981106;Revenu intermédiaire, tranche supérieure
TJ;8,549741667;Revenu intermédiaire, tranche inférieure
TM;;Revenu intermédiaire, tranche supérieure
#N/A;;Agrégats
TL;1;Revenu intermédiaire, tranche inférieure
#N/A;;Agrégats
TO;2,205972697;Revenu intermédiaire, tranche supérieure
#N/A;;Agrégats
#N/A;;Agrégats
TT;6,779525;Revenu élevé
TN;2,419425;Revenu intermédiaire, tranche inférieure
TR;3,648132635;Revenu intermédiaire, tranche supérieure
TV;1,304758077;Revenu intermédiaire, tranche supérieure
TZ;2228,856667;Revenu intermédiaire, tranche inférieure
UG;3611,224458;Faible revenu
UA;26,5966063;Revenu intermédiaire, tranche supérieure
#N/A;;Agrégats
UY;28,6764;Revenu élevé
US;1;Revenu élevé
UZ;5113,878946;Revenu intermédiaire, tranche inférieure
VC;2,7;Revenu intermédiaire, tranche supérieure
VE;9,975;Revenu intermédiaire, tranche inférieure
VG;;Revenu élevé
VI;1;Revenu élevé
VN;22370,08667;Revenu intermédiaire, tranche supérieure
VU;107,8208333;Revenu intermédiaire, tranche inférieure
#N/A;;Agrégats
WS;2,554377116;Revenu intermédiaire, tranche supérieure
#N/A;0,885205508;Revenu intermédiaire, tranche supérieure
YE;282,195;Faible revenu
ZA;13,32380142;Revenu intermédiaire, tranche supérieure
ZM;9,5175;Revenu intermédiaire, tranche inférieure
ZW;;Revenu intermédiaire, tranche inférieure